min_topic_size,coherence,diversity,silhouette,outlier_rate,n_topics
5,0.4855736655402442,0.7782340862422998,0.06374335289001465,0.20313549832026875,140
10,0.4502975462282128,0.7823529411764706,0.06902982294559479,0.17245240761478164,81
15,0.45824704325465865,0.7885304659498208,0.06628213077783585,0.19776035834266517,60
20,0.48446487483332024,0.7729083665338645,0.06640559434890747,0.2116461366181411,50
30,0.49126874416472593,0.7171717171717171,0.07890753448009491,0.2521836506159015,37
40,0.48415411858085294,0.6932515337423313,0.08385901153087616,0.3101903695408735,27
50,0.4676844388104331,0.6260162601626016,0.0641351044178009,0.2799552071668533,19
